BW3S_LiveOpCard_Bouncee,"Запускай шарики и собирай попырыгушек! Собери их больше всех!"
BW3S_LiveOpCard_BroomRace,"Участвуй в магических дуэлях! Получай звезды и выиграй награды!"
BW3S_LiveOpCard_CC,"Кто наберет больше всего очков — получит призы. Лучший станет частью игры."
BW3S_LiveOpCard_FairyDash,"Пройди эпизоды, пока до награды не добрались другие игроки!"
BW3S_LiveOpCard_MC,"Соревнуйся в 3 раундах турнира за возможность создать персонажа!"
BW3S_LiveOpCard_MagicDuel,"Тебя вызвали на магическую дуэль! Получай звезды и выиграй награды!"
BW3S_LiveOpCard_PeekaBook,"Разыщи на карте 3 призраков и получи награды!"
BW3S_LiveOpCard_PlayersClub,"Выполняйте командой магические действия, чтобы наколдовать призы!"
BW3S_LiveOpCard_PoG,"Освети комнату и выиграй часть 500 000 золотых слитков!"
BW3S_LiveOpCard_SpookyD,"Энди боится темноты. Освети путь и помоги ему встретиться с Люси!"
BW3S_LiveOpCard_SpookyL,"Энди боится темноты! Помоги ему осветить жуткую библиотеку!"
BW3S_LiveOpCard_StellasLab,"Проходи особые уровни, свари зелье на синих звездах и выигрывай награды!"
BW3S_LiveOpCard_ToT,"Объедините палочки и собирайте конфеты и сорванцов!"
BW3S_LiveOps_LoM_welcome_text,"Ощути магию и используй свои силы, чтобы стать новой Легендой месяца!"
BW3S_LiveOps_StellasLab_Return_Description,"Лаборатория Стеллы вернулась! Войди в игру и пройди особые уровни!"
CCSS_LiveOp_Trolls_Treasure_Video,"«Совмещай и перемещай конфеты на Радужном мосту»
«до самого Жвачного холма»
«Найди спрятанное троллем золото»
«Сможешь пройти сложное испытание»
«взобраться на вершину холма»
«И заполучить в свои руки»
«Часть 5 миллионов золотых слитков»
«Сокровище тролля»"
level_fire_charm,"Огненное заклинание"
liveop_bounces_tutorial,"Лови за хвост прыгучую удачу! Шарики должны отскакивать от стен и сбивать попрыгушек!"
liveops_1attempt_EGP_text,"Выйдешь — потеряешь золотую булавку!"
liveops_1attempt_saga_bubble,Лихо!
liveops_1attempt_text,"Пройди этот уровень с 1-й попытки — и получишь золотую булавку!"
liveops_1attempt_text_2,"Пройди этот уровень — и получишь золотую булавку!"
liveops_1attempt_title,"1-я попытка!"
liveops_1attempt_win_text,"Тебе все удалось с 1-й попытки!"
liveops_1attempt_win_title,Волшебно!
liveops_boosterexclusivity_name,"Находка Люси"
liveops_boostersexclusivity_contextual_tutotrial,"Берегись волшебного барьера! Если проиграешь — он отбросит тебя назад!"
liveops_boostersexclusivity_lose_text,"О нет! Заклинания исчезли! Может, позже мы их найдем..."
liveops_boostersexclusivity_narrative_1,"Я читала об этом волшебном месте в Жуткой библиотеке..."
liveops_boostersexclusivity_narrative_2,"Там должен быть сундук с новыми тайными заклинаниями."
liveops_boostersexclusivity_narrative_3,"Так чего же мы ждем? Идем!"
liveops_boostersexclusivity_narrative_5,"Получилось! Ты раньше всех опробуешь новые заклинания!"
liveops_boostersexclusivity_narrative_6,"Да! Жду не дождусь, когда испытаю их!"
liveops_boostersexclusivity_returning_text,"Тебя ждет сундук с новыми заклинаниями! Доберись до него раньше всех!"
liveops_boostersexclusivity_title,"Находка Люси"
liveops_boostersexclusivity_welcome_text,"Люси узнала о новых заклинаниях. Расследуй с ней, чтобы изучить их!"
liveops_boostersexclusivity_win_text,"Поздравляем! Пора испытать новые заклинания!"
liveops_bounces_lose,"Недостаточно попрыгушек для награды. Попробуй в следующий раз!"
liveops_bounces_ranking,"Собери столько попрыгушек, сколько сможешь!"
liveops_bounces_title,"Прыгучая удача"
liveops_bounces_welcome,"Целься так, чтобы шарики, отскакивая от стен, сбивали попрыгушек! Собери их больше всех!"
liveops_bounces_win,"Прыгтастика! Ты получаешь награду!"
liveops_button_end,"Конец через:"
liveops_button_start,"Начало через:"
liveops_cauldronclassic_button,Играть
liveops_cauldronclassic_finalscore_body,"Вот твой итоговый счет! Скоро победители получат награды."
liveops_cauldronclassic_narrative1_body,"Набирай на каждом уровне как можно больше очков, чтобы повысить свои шансы на выигрыш призов."
liveops_cauldronclassic_narrative2_body,"Под котлом указана сумма максимального количества набранных тобой очков на каждом уровне."
liveops_cauldronclassic_replay_body,"Проходи уровни повторно, чтобы бить рекорды и выигрывать призы!"
liveops_cauldronclassic_title1,"Кубок ведьм"
liveops_cauldronclassic_title2,"Кубок
ведьм"
liveops_cauldronclassic_welcome_body,"Кто наберет больше всего очков, тот получит призы. Лучший из лучших станет неотъемлемой частью игры. Приготовить волшебные палочки!"
liveops_dailybonus_day,"День {0}"
liveops_dailybonus_noconnection,"Чтобы получать ежедневные подарки, нужно подключение к Интернету."
liveops_dailybonus_notification_day1_1,"🎁 Мы снова вручаем ежедневные подарки!
Чтобы их получить, необходимо подключиться к Интернету."
liveops_dailybonus_notification_day1_2,"🎁 Ежедневные подарки снова вернулись!
Чтобы их получить, необходимо подключиться к Интернету. 🐦 Мэгги"
liveops_dailybonus_notification_day2_1,"День 2: на 1 подарок меньше 🎁 Осталось 4!
Чтобы получить подарок, необходимо подключиться к Интернету!"
liveops_dailybonus_notification_day2_2,"🎁 Надеюсь, тебе понравился вчерашний подарок...
Чтобы получить сегодняшний, необходимо подключиться к Интернету. 🐦 Мэгги"
liveops_dailybonus_notification_day3_1,"День 3: 🎉 половина пути пройдена! 🎉
🎁 Чтобы получить сегодняшний подарок, необходимо подключиться к Интернету. 🎁"
liveops_dailybonus_notification_day3_2,"🎁 Чтобы получить сегодняшний подарок, необходимо подключиться к Интернету.
Тебя ждет угощение!... 🐦 Мэгги"
liveops_dailybonus_notification_day4_1,"День 4: ⏰ тик-так, тик-так...
🎁 Чтобы получить сегодняшний подарок, необходимо подключиться к Интернету."
liveops_dailybonus_notification_day4_2,"Тебе понравился вчерашний подарок?
🎁 Чтобы получить сегодняшний, необходимо подключиться к Интернету. 🐦 Мэгги"
liveops_dailybonus_notification_day5_1,"День 5: 🎁 чтобы получить сегодняшний подарок, необходимо подключиться к Интернету.
Он уже 5-й по счету. 😉"
liveops_dailybonus_notification_day5_2,"Чтобы получить сегодняшний подарок, необходимо подключиться к Интернету!
🎁 Он уже 5-й по счету! 🐦 Мэгги"
liveops_dailybonus_notification_miss1,"Кто-то вчера забыл про подарок...
Но не волнуйся, начни заново! Помни: чтобы получить сегодняшний, необходимо подключиться к Интернету!"
liveops_dailybonus_notification_miss2,"О, нет! 😓 Вчерашний подарок пропал...
Чтобы получить сегодняшний, необходимо подключиться к Интернету. 🐦 Мэгги"
liveops_dailybonus_notification_miss3,"Я верю во второй шанс...
Чтобы получить сегодняшний подарок, необходимо подключиться к Интернету. 🐦 Мэгги"
liveops_dailybonus_text,"Приходи завтра за очередным подарком от Мэгги!"
liveops_dailybonus_title,"Ежедневный подарок"
liveops_dailystreak_day,День
liveops_dailystreak_description,"Приходи завтра за новым подарком от Флинна!"
liveops_dailystreak_notification_reminder,"🎁 Тебя ждет ежедневный подарок!
Чтобы его получить, нужно подключение к интернету. 🐦 Флинн"
liveops_dailystreak_title,"Играй каждый день!"
liveops_dailystreak_title2,"Играй каждый день"
liveops_dailystreak_today,Сегодня
liveops_duel_intro,"Дуэль началась! Чтобы победить, собери больше звезд, чем {0}!"
liveops_duel_losing,"{0} ведет! Собери больше звезд, чтобы выйти вперед!"
liveops_duel_lost,"О нет! {0} побеждает! В следующий раз повезет."
liveops_duel_title,Чудо-дуэль
liveops_duel_toaster,"{0} уже собирает звезды!"
liveops_duel_toaster2,"Звезд: +{0}!"
liveops_duel_toaster3,"+1 звезда!"
liveops_duel_winning,"Ты ведешь! Продолжай в том же духе! Победит тот, кто соберет больше звезд!"
liveops_duel_won,"Потрясающе! Победа! Вот твой чудесный приз!"
liveops_episode_trophy_1st_attempt_explanation_1,"Выиграй с 1 попытки и поймай короля!"
liveops_episode_trophy_button_go,"Поймай его!"
liveops_episode_trophy_button_lose,Постараюсь
liveops_episode_trophy_button_win,Ур-ра!
liveops_episode_trophy_intro,"Король троллей украл короны королевы фей! Пройди уровни с одной попытки, чтобы его задержать и вернуть короны!"
liveops_episode_trophy_lose_text,"Король троллей сбежал с коронами. Он нападет снова — на этот раз постарайся его поймать."
liveops_episode_trophy_lose_title,"Блестящий побег!"
liveops_episode_trophy_narrative_trophy_1,"Ладно, забирай корону, у меня есть еще! Больше тебе меня не поймать!"
liveops_episode_trophy_narrative_trophy_1_repeat,"Поймаешь меня раз — и корона твоя. Поймаешь два — неведома судьба!"
liveops_episode_trophy_narrative_trophy_2,"Ты?! Разве я не могу насладиться добычей? Не важно. У меня есть еще корона. Чао!"
liveops_episode_trophy_narrative_trophy_2_repeat,"Снова? Только не это! Ладно, забирай. Без нее я все равно быстрее!"
liveops_episode_trophy_narrative_trophy_3,"Последняя корона! Я должен откланяться и вернуться к своим тролльским делам..."
liveops_episode_trophy_narrative_trophy_3_repeat,"Не-е-ет! Моя последняя корона! Я... не очень-то быстрый вор, да?"
liveops_episode_trophy_title,"Держи вора!"
liveops_episode_trophy_welcome,"Король троллей опять задумал недоброе и украл еще больше корон. Пройди уровни с одной попытки, чтобы его поймать!"
liveops_episode_trophy_win_text,"Тебе удалось вернуть все короны королевы фей, украденные королем троллей!"
liveops_episode_trophy_win_title,"Ура! Коронация!"
liveops_eventhub_title,Приключения
liveops_fairyrace_lose_text,"Не хватило скорости. Но ничего, в следующий раз ты обязательно возьмешь призы!"
liveops_fairyrace_noconnection,"Чтобы определить твое место, нужно подключиться к Интернету."
liveops_fairyrace_push_fewrewards,"Остался всего один приз! Поспеши и получи его, пока он не достался кому-то другому!"
liveops_fairyrace_push_new,"Начинается новая гонка фей. Поспеши на уровень {num} и выиграй замечательные призы!"
liveops_fairyrace_reach_text,"Ты на {num}-м месте. В следующий раз будь проворнее — и получишь приз."
liveops_fairyrace_reminder_text,"Уровень {num2} уже совсем близко! Поспеши и получи волшебный приз!"
liveops_fairyrace_runout_lose_text,"Время вышло. Но ничего, в следующий раз ты обязательно возьмешь классные призы!"
liveops_fairyrace_runout_text,"Скорее пройди {num} ур., пока другие не добрались до награды!"
liveops_fairyrace_runout_title,"Времени мало"
liveops_fairyrace_title,"Гонка фей"
liveops_fairyrace_welcome_text,"Пройди {num1} ур. пока до награды не добрались другие игроки!"
liveops_fairyrace_win_text,"Класс! У тебя {num}-е место. Вот твоя награда!"
liveops_fanevent_lose_text,"Хорошая попытка! Следи за новостями, чтобы не пропустить новые испытания."
liveops_fanevent_narrative1,"Смотри, Неро, игроки приготовили для нас новое испытание!"
liveops_fanevent_narrative2,"Ух ты! Надеюсь, мы справимся с этим заданием..."
liveops_fanevent_narrative3,"У нас получилось! Было весело!"
liveops_fanevent_narrative4,"Просто здорово, что у нас такие преданные игроки!"
liveops_fanevent_title,"Вечеринка игроков"
liveops_fanevent_welcome_text,"Проходи уровни, на создание которых нас вдохновили поклонники игры, и выигрывай волшебные призы!"
liveops_fanevent_win_text,"Тебе удалось пройти все уровни.
Надеемся, что тебе понравилось!"
liveops_flames_purchase_success,"ВСЕ огни пополнены!"
liveops_flames_refill,"Пополнить огни"
liveops_flames_title1,"Волшебные огни"
liveops_flames_title2,"Закончились огни!"
liveops_minigame_finished,"Все мини-игры пройдены. Надеемся, тебе понравилось!"
liveops_minigame_hub,"Возвращайся завтра!"
liveops_minigame_over,"Событие мини-игра закончилось. Надеемся, тебе понравилось!"
liveops_minigame_reward1,Получилось!
liveops_minigame_reward2,"Зловредная Моргана побеждена, и в Страну ведьм вернулось счастье.
Завтра будут новые задания!"
liveops_minigame_title,Мини-игра!
liveops_minigame_welcome,"Сможешь развеять чары и освободить Стеллу из лап коварной Морганы, чтобы получить шарикарные награды?"
liveops_peekaboo_lose_text_1,"Время вышло!
Тебе не удалось нас найти, но мы скоро вернемся..."
liveops_peekaboo_lose_text_2,"Время вышло!
Тебе удалось найти Лили. Скоро попробуешь еще раз..."
liveops_peekaboo_lose_text_3,"Время вышло!
Тебе удалось найти Лили и Билли. Скоро мы опять сыграем..."
liveops_peekaboo_lose_title,"Тебе не удалось нас найти"
liveops_peekaboo_milestone1,"Тебе удалось меня найти! Класс! А Билли найдешь?"
liveops_peekaboo_milestone2,"Ты классно играешь! Я думал, ты меня не найдешь."
liveops_peekaboo_milestone3,"Тебе удалось всех нас найти! Отметим это веселым танцем!"
liveops_peekaboo_name_1,Лили
liveops_peekaboo_name_2,Билли
liveops_peekaboo_name_3,Джимми
liveops_peekaboo_name_group,Призраки
liveops_peekaboo_narrative,"Давай поиграем в прятки!"
liveops_peekaboo_share,"Мне удалось вовремя найти Лили, Билли и Джимми!"
liveops_peekaboo_special_teaser_text,"На уровне {number} тебя ждет жу-уткастичекий сюрприз"
liveops_peekaboo_start_text,"Нас трое! Разыщи нас на карте — получишь награды!"
liveops_peekaboo_teaser_subtitle,"Ищи нас вот где:"
liveops_peekaboo_teaser_text,"Скоро мы появимся в игре, чтобы поиграть с тобой в прятки!"
liveops_peekaboo_teaser_title,Прятки!
liveops_peekaboo_win_text,"Тебе удалось всех нас найти. Мы скоро вернемся и снова сыграем!"
liveops_peekaboo_win_title,"Ты нас нашел(-ла)!"
liveops_piggy_full,"Свинка-копилка полна! Пора забрать золото!"
liveops_piggy_full_title,"Копилка полна!"
liveops_piggy_intro,"Проходи уровни и получай звезды, чтобы наполнить копилку золотыми слитками!"
liveops_piggy_intro_title,"Ты получаешь свинку-копилку!"
liveops_piggy_new,"Твоя свинка-копилка готова к новым слиткам!"
liveops_piggy_new_title,"Ты получаешь НОВУЮ свинку-копилку!"
liveops_piggy_open,"Коснись, чтобы забрать его!"
liveops_piggy_purchasable,"Теперь ты можешь собирать золотые слитки в копилку!"
liveops_piggy_purchasable_title,"У свинки полное брюхо!"
liveops_piggy_reward,"Получено {0} шт. зол. слитков!"
liveops_piggy_shop1,"Получай звезды, чтобы наполнить меня слитками!"
liveops_piggy_shop2,"Забери слитки или подожди, пока я наполнюсь!"
liveops_piggy_shop3,"Я полна! Пора забрать золото!"
liveops_piggy_title,Свинка-копилка!
liveops_piggy_up_full_title,"Копилка полна!"
liveops_piggy_up_last,"Твоя свинка-копилка с {0} шт. золотых слитков готова к наполнению!"
liveops_piggy_up_new_title,"Достигнут уровень {0}!"
liveops_piggy_up_purchasable,"Забери заработанное и улучши свинку-копилку!"
liveops_piggy_up_purchasable_last,"Опорожни эту свинку-копилку и получи новую, в которой уже лежит {0} шт. золотых слитков!"
liveops_piggy_up_unpurchasable,"Чтобы открыть свинку-копилку и улучшить ее, собери золотые слитки — хотя бы {0} шт."
liveops_piggy_up_unpurchasable_last,"Чтобы открыть свинку-копилку, собери золотые слитки — хотя бы {0} шт."
liveops_playersclub_desription,"Выполняйте командой магические действия, чтобы наколдовать призы!"
liveops_playersclub_gift,"Тебе пришел подарок от партнера по команде!"
liveops_playersclub_howto_daily,"Играй ежедневно"
liveops_playersclub_howto_finish_chapter,"Закончи главу"
liveops_playersclub_howto_win_hard,"Проходи сложные и сверхсложные уровни"
liveops_playersclub_howto_win_normal,"Пройди уровень"
liveops_playersclub_no_internet,"Нет подключения к Интернету.
Ты можешь упустить приз!"
liveops_playersclub_out_of_time,"Время ритуала вышло!
Мы сообщим, когда подберем тебе новую команду."
liveops_playersclub_players_points_chapter,"за завершение главы"
liveops_playersclub_players_points_hard_level,"за прохождение сложного уровня"
liveops_playersclub_players_points_login,"за ежедневный вход в игру"
liveops_playersclub_players_points_normal_level,"за прохождение уровня"
liveops_playersclub_players_points_super_hard_level,"за прохождение сверхсложного уровня"
liveops_playersclub_reward,"Отлично сработано! Вся твоя команда получает приз за магический ритуал!"
liveops_playersclub_searching,"Ищем участников команды. Когда можно будет начать ритуал, мы тебе сообщим."
liveops_playersclub_tap_to_continue,"Коснись и продолжи"
liveops_playersclub_title,"Магический ритуал!"
liveops_playersclub_title_howto,"Выполняй такие действия"
liveops_playersclub_title_teammates,"Недавний вклад:"
liveops_playersclub_title_while_away,"Пока тебя не было..."
liveops_playersclub_welcome,"Объединитесь в команду и наколдуйте призы!"
liveops_playersclub_welcome_same_team,"У вас великолепная команда!
Попытайтесь заработать вместе больше призов!"
liveops_pot_of_gold_hub,"Тайная комната"
liveops_pot_of_gold_lose_text,"Свет погас, и горшочка с золотом не увидеть. Жди следующего события!"
liveops_pot_of_gold_narrative_1,"По легенде за этой дверью находится сияющий горшочек, полный золота..."
liveops_pot_of_gold_narrative_2,"Я и моя волшебная палочка готовы выяснить, правда ли это..."
liveops_pot_of_gold_title,"Горшочек с золотом"
liveops_pot_of_gold_welcome_text_v1,"Золотой пропуск открыл тайную комнату! Освети ее, найди горшочек с золотом и выиграй слитки. Призовой фонд — 500 000 золотых слитков."
liveops_pot_of_gold_welcome_text_v2,"Освети комнату, найди горшочек и выиграй золото (призовой фонд — 500 000 слитков)."
liveops_pot_of_gold_win_text,"Горшочек найден! Когда событие закончится, возвращайся за своей долей из 500 000 золотых слитков!"
liveops_quit_level_flames,"Покидаешь уровень?
Ты потеряешь волшебный огонь."
liveops_quit_level_spooky,"Покидаешь уровень?
Тебе придется вернуться на предыдущий."
liveops_restingbonus_explanation,"За каждый пропущенный день ты получаешь бонусный шарик-заряд!"
liveops_restingbonus_notification_3_days,"За каждый пропущенный день ты получаешь бонусный шарик-заряд. Прошло 3 дня..."
liveops_restingbonus_notification_6_days,"Твой бонус за возвращение увеличивается с каждым днем. Прошло 6 дней..."
liveops_restingbonus_notification_9_days,"У тебя довольно большой бонус за возвращение! Прошло 9 дней..."
liveops_restingbonus_rested,"Тебя не было в игре {0} дн."
liveops_restingbonus_rested_more,"Тебя не было в игре более {0} дн."
liveops_restingbonus_title,"Бонус за возвращение!"
liveops_restingbonus_welcome,"И снова добро пожаловать!"
liveops_slab_booster_queue,"Вереница заклинаний"
liveops_slab_combo,"Звездная серия"
liveops_slab_combo_num,"Звездная серия: {num}!"
liveops_slab_combo_plus,"+1 к звездной серии!"
liveops_slab_combo_text,"Проходи уровни без потерь волшебного огня — так легче получить синие звезды."
liveops_slab_egp_single,"Не прерывай звездную серию!"
liveops_slab_fill_bottle,"Наполняй колбу"
liveops_slab_lobby_counter,{num}/{max}
liveops_slab_lobby_potion,Зелье
liveops_slab_lose_text,"Тебе не удалось сварить все зелья. Повтори попытку в новом эксперименте..."
liveops_slab_lose_title,"Ты на полпути..."
liveops_slab_new_info_frogs,"Убери лягушек"
liveops_slab_new_lose_text,"Видимо, в этот раз лягушки победили. Но будут и другие попытки."
liveops_slab_new_lose_title,"До следующего раза!"
liveops_slab_new_playmore_text,"Волшебные огни закончились. Проходи уровни, пока они пополняются!"
liveops_slab_new_title,"Следи за лягушками!"
liveops_slab_new_welcome,"Помоги Стелле исправить заклинание и отправить лягушек восвояси!"
liveops_slab_new_win_text,"Ясно наверняка, что победа твоя. Вернись в игру и проведи новый эксперимент в лаборатории Стеллы!"
liveops_slab_new_win_title,"Прощайте, лягушки!"
liveops_slab_play_levels,"Проходи уровни"
liveops_slab_rogue_shooter,"Потрясающий стрелок"
liveops_slab_tap,"Коснись, чтобы попасть в лабораторию"
liveops_slab_title,"Лаборатория Стеллы"
liveops_slab_welcome_text,"Проходи особые уровни, чтобы сварить зелье на синих звездах, и выигрывай награды!"
liveops_slab_welcome_thisweek,"На этой неделе:"
liveops_slab_win_rewards,"Выигрывай призы"
liveops_slab_win_stars,"Получай синие звезды"
liveops_slab_win_text,Получилось!
liveops_slab_win_title,"Все зелья сварены! Возвращайся — скоро будет новый эксперимент..."
liveops_socialbingo_notification_text_end,"У тебя осталось всего 5 часов на пробуждение дерева! Поспеши!"
liveops_socialbingo_notification_text_reward,"Дерево проснулось. Получи награду!"
liveops_socialbingo_notification_text_start,"Твоя команда готова разбудить дерево!"
liveops_socialbingo_notification_text_tile,"Один из союзников получил цветок!"
liveops_socialbingo_notification_title_end,"Разбуди дерево!"
liveops_specialround_egp,"Не проиграй специальный раунд!"
liveops_specialround_soclose,"Победа так близка! Не проиграй специальный раунд!"
liveops_specialround_title,"Специальный
раунд"
liveops_specialround_tutorial,"Пройди уровень в этом раунде и получи награду!"
liveops_spooky_level_2000_hub,"Волшебный портал"
liveops_spooky_level_2000_hub_2,"Праздник на уровне 3000"
liveops_spooky_level_2000_lose_text,"Волшебный портал закрылся, но у тебя еще будет возможность пройти уровень 3000!"
liveops_spooky_level_2000_lose_text_2,"Событие «Уровень 3000» закончилось. Спасибо за игру!"
liveops_spooky_level_2000_narrative_1,"Класс! Портал открыт. Иногда в радугах что-то спрятано..."
liveops_spooky_level_2000_narrative_2,"Думаю, чтобы дойти до конца, нужно избегать искр."
liveops_spooky_level_2000_narrative_3,"Есть! А впереди у нас еще много чего захватывающего!"
liveops_spooky_level_2000_narrative_4,"Ха-ха! Я думал, что мы найдем лепрекона, а нашли вот что! Смотри!"
liveops_spooky_level_2000_outoflives_text,"Помни! Восстановив жизни, ты снова сможешь попытаться пройти уровень 3000."
liveops_spooky_level_2000_playmore_text_7,"У тебя еще есть возможность пройти уровень 3000 и выиграть замечательные призы!"
liveops_spooky_level_2000_title,"Уровень 3000"
liveops_spooky_level_2000_welcome_text,"Наконец вышел уровень 3000! Дойди до конца, чтобы попробовать в нем свои силы и выиграть призы!"
liveops_spooky_level_2000_welcome_text_2,"Праздник в честь уровня 3000 продолжается! Пройди его и выиграй призы!"
liveops_spooky_level_2000_win_text,"Тебе удалось пройти уровень 3000! Надеемся, что тебе понравилось!"
liveops_spooky_level_X000_hub,"Волшебный портал"
liveops_spooky_level_X000_hub_2,"Праздник в честь ур. {0}"
liveops_spooky_level_X000_lose_text,"Волшебный портал закрылся, но у тебя еще будет возможность пройти уровень {0}!"
liveops_spooky_level_X000_lose_text_2,"Уровень {0} закрылся. Спасибо за игру!"
liveops_spooky_level_X000_narrative_1,"Класс! Портал открыт. Иногда в радугах что-то спрятано..."
liveops_spooky_level_X000_narrative_2,"Думаю, чтобы дойти до конца, нужно избегать искр."
liveops_spooky_level_X000_narrative_3,"Есть! А впереди у нас еще много чего захватывающего!"
liveops_spooky_level_X000_narrative_4,"Ха-ха! Я думал, что мы найдем лепрекона, а нашли вот что! Смотри!"
liveops_spooky_level_X000_outoflives_text,"Помни! Восстановив жизни, ты снова сможешь попытаться пройти уровень {0}."
liveops_spooky_level_X000_playmore_text_7,"У тебя еще есть возможность пройти уровень {0} и выиграть замечательные призы!"
liveops_spooky_level_X000_title,"Уровень {0}"
liveops_spooky_level_X000_welcome_text,"Наконец вышел уровень {0}! Дойди до конца, чтобы выиграть призы!"
liveops_spooky_level_X000_welcome_text_2,"Праздник в честь уровня {0} продолжается! Пройди его и выиграй призы!"
liveops_spooky_level_X000_win_text,"Тебе удалось пройти уровень {0}! Надеемся, что тебе понравилось!"
liveops_spooky_lockdown_hub,"Волшебный побег"
liveops_spooky_lockdown_lose,"«Волшебный побег» пока завершен. Спасибо за игру!"
liveops_spooky_lockdown_narrative_1,"Сегодняшнее особое испытание?"
liveops_spooky_lockdown_narrative_2,"Пора поколдовать!"
liveops_spooky_lockdown_narrative_3,"Я такого не ожидала!"
liveops_spooky_lockdown_narrative_4,"Я тоже. Но мне нравится!"
liveops_spooky_lockdown_playmore,"Ты все еще можешь поучаствовать в волшебном побеге. Вперед!"
liveops_spooky_lockdown_push,"Тебе волшебная доставка: пора играть!"
liveops_spooky_lockdown_title,"Волшебный побег"
liveops_spooky_lockdown_welcome,"Насладись особой шариковой магией с доставкой: 5 новых уровней, сделанных с любовью в домике Стеллы!"
liveops_spooky_lockdown_win,"Испытание пройдено. Ты точно знаешь, как колдовать!"
liveops_spooky_troll_hub,"Познакомься с троллем!"
liveops_spooky_troll_lose,"Тролль скрылся на болотах. Спасибо за игру!"
liveops_spooky_troll_name,Тролль
liveops_spooky_troll_narrative_1,"На болоте кто-то поет? Да это же просто смешно!"
liveops_spooky_troll_narrative_2,"Ш-ш-ш! Сейчас начнется концерт!"
liveops_spooky_troll_narrative_3,"Упс! Видимо, сундук теперь мой..."
liveops_spooky_troll_playmore,"Тролль все еще ждет тебя на болоте. Самое время сыграть!"
liveops_spooky_troll_push,"Отправься на болото, познакомься с троллем и получи сундук!"
liveops_spooky_troll_share,"Мне удалось победить болотного тролля и найти сокровище!"
liveops_spooky_troll_title,"Познакомься с троллем!"
liveops_spooky_troll_welcome,"Добро пожаловать на болото! Не пройдешь уровень — тролль оттеснит тебя назад."
liveops_spooky_troll_win,"Поздравляем! Тебе удалось пройти испытание тролля!"
liveops_spookydance_egp,"Если проиграешь, вернешься на предыдущий уровень."
liveops_spookydance_lose_text,"У тебя не получилось зажечь все свечи...
Попробуй еще раз!"
liveops_spookydance_narrative_1,"Люси уже ждет меня, но я боюсь темноты... ПОМОГИ!"
liveops_spookydance_narrative_2,"Помощь уже в пути, Энди!"
liveops_spookydance_narrative_3,"Спасибо! Мы с Люси хотим устроить бал!
Вот твоя награда!"
liveops_spookydance_share,"Мне удалось зажечь все свечи и помочь Энди и Люси!"
liveops_spookydance_start_text,"Энди боится темноты.
Освети путь и помоги ему встретиться с Люси!"
liveops_spookydance_title,"Жуткий танец"
liveops_spookydance_win_text,"Получилось!
Энди и Люси танцуют!"
liveops_spookylibrary_egp,"Если проиграешь — отправишься на предыдущий уровень"
liveops_spookylibrary_fail_text,"Придется вернуться на предыдущий уровень!"
liveops_spookylibrary_lose_text,"Не удалось зажечь все свечи.
Но у тебя еще будет шанс!"
liveops_spookylibrary_name,Энди
liveops_spookylibrary_narrative_1,"ПОМОГИТЕ! Есть тут кто? Я боюсь темноты..."
liveops_spookylibrary_narrative_2,"Не волнуйся, Энди! Мы спешим на помощь!"
liveops_spookylibrary_narrative_3,"Фух, тебе удалось меня спасти! В знак благодарности я вручаю тебе специальную награду! "
liveops_spookylibrary_share,"Мне удалось зажечь все свечи и спасти Энди!"
liveops_spookylibrary_start_text,"Энди боится темноты!
Помогите ему осветить жуткую библиотеку!"
liveops_spookylibrary_title,"Жуткая библиотека"
liveops_spookylibrary_win_text,"Все свечи горят!
Теперь Энди — счастливый призрак!"
liveops_spookyvalentines_start_text,"Энди боится темноты.
Помоги ему осветить путь и встретить с возлюбленной Люси!"
liveops_spookyvalentines_title,"Жуткий День Валентина"
liveops_spookyvalentines_win_text,"Получилось!
Энди и Люси встретились в День Валентина!"
liveops_star_challenge_claim_button,Забрать!
liveops_star_challenge_finished,Готово
liveops_star_challenge_local_reminder,"Испытание «Звездный свет» скоро закончится! Собирай звезды и получай потрясающие призы! 🌟🌟=🎁"
liveops_star_challenge_local_reminder_body,"🌟🌟 Собирай звезды и получай потрясающие призы! 🎁🎁"
liveops_star_challenge_local_reminder_title,"«Звездный свет» скоро закончится!"
liveops_star_challenge_lose,"Недостаточно звезд для награды. До следующего раза!"
liveops_star_challenge_moon_chase_title,"Золотой турнир"
liveops_star_challenge_moon_chase_welcome_final,Финал
liveops_star_challenge_moon_chase_welcome_prize,"Приз победителя"
liveops_star_challenge_moon_chase_welcome_qualifying_big,"10 лучших"
liveops_star_challenge_moon_chase_welcome_qualifying_small,Лучший
liveops_star_challenge_moon_chase_welcome_quarter,"Отборочный тур"
liveops_star_challenge_moon_chase_welcome_semi,Полуфинал
liveops_star_challenge_moon_chase_welcome_text,"Участвуй в 3 раундах турнира за право создать персонажа игры Bubble Witch 3!"
liveops_star_challenge_rank,Ранг
liveops_star_challenge_ranking,"Собирай звезды и получай награды!"
liveops_star_challenge_reward,Награда
liveops_star_challenge_title,"Испытание «Звездный свет»"
liveops_star_challenge_wait,"Идет обработка..."
liveops_star_challenge_wait_explanation,"Загляни в ближайшее время."
liveops_star_challenge_welcome_text,"Пусть ярко сияют фонарики! Собери больше звезд, чем другие игроки!"
liveops_star_challenge_win,"Звездно! Вот твоя награда!"
liveops_star_target_info,"Чтобы получить подарок, проходи уровни и собери звезды — {0} шт."
liveops_star_target_intro,"У фей есть для тебя подарок! Чтобы его получить, собери звезды — {0} шт."
liveops_star_target_title,"Звездный подарок"
liveops_tc_fail_text,"О, нет! Время вышло... Но не волнуйся — Лейла скоро снова тебя позовет!"
liveops_tc_fail_title,"Время вышло!"
liveops_tc_narrative1,"А здесь темновато!"
liveops_tc_narrative2,"Я буду освещать твой путь!"
liveops_tc_narrative3,"Ну что, соберем сокровища?!"
liveops_tc_score_end,"Скоро будут оглашены результаты этого чемпионата!"
liveops_tc_score_intro,"Старайся набрать как можно больше очков на каждом уровне в пещере сокровищ. За рекордный счет положена БОЛЬШАЯ награда."
liveops_tc_score_replay,"Повторно проходи уровни в пещере сокровищ, чтобы побить свой рекорд. Помни, что за рекордный счет положена БОЛЬШАЯ награда."
liveops_tc_score_title,"Волшебный чемпионат"
liveops_tc_share,"Мне удалось найти все сундуки в пещере сокровищ!"
liveops_tc_teaser_text,"Готовься! Скоро Пещера сокровищ станет источником удивительных призов!"
liveops_tc_title,"Пещера сокровищ"
liveops_tc_welcome_text,"Ступай за Лейлой в пещеру сокровищ! Сыграй и выиграй потрясающие награды!"
liveops_tc_win_text,"Тебе удалось собрать все награды! Лейла скоро снова тебя позовет!"
liveops_topplayer_infowindow_case1,"Первое место позволяет иметь до 7 жизней!"
liveops_topplayer_infowindow_case2,"Борись за лидерство!"
liveops_topplayer_onboarding_case1,"Лучший участник получит до 7 жизней!"
liveops_topplayer_onboarding_case2,"Веди свою команду к медали!"
liveops_tot_candiescollected,Готово!
liveops_tot_egp,"Проиграешь — потеряешь все конфеты. Не сдавайся!"
liveops_tot_egp_garden,"Выйдешь — потеряешь все искорки магии. Не сдавайся!"
liveops_tot_egp_soclose,"У тебя так много конфет! Но они исчезнут, если ты проиграешь..."
liveops_tot_egp_soclose_garden,"У тебя так много искорок магии. Но они исчезнут, если ты проиграешь..."
liveops_tot_info2_get,"Выиграй призы!"
liveops_tot_info2_give,"Порадуй сорванцов"
liveops_tot_info2_give_garden,"Помоги сорванцам расцвести"
liveops_tot_info2_play,"Взрывай шарики и собирай конфеты"
liveops_tot_info2_play_garden,"Взрывай шарики и собирай искорки магии"
liveops_tot_info2_title,"Как играть"
liveops_tot_info_text,"Объедините силу своих палочек, чтобы пройти особые уровни и набрать конфет для сорванцов.

После события вы с друзьями получите награду! А какую — зависит от того, скольким сорванцам поможете.

Если проиграешь, у друзей из команды будет возможность помочь тебе вернуть конфеты!"
liveops_tot_info_text_garden,"Объедините силу своих палочек, чтобы пройти особые уровни и набрать магических искорок для сорванцов. После события ты получишь награду! А какую — зависит от того, скольким сорванцам поможешь. Если проиграешь, у друзей из команды будет возможность помочь тебе вернуть искорки!"
liveops_tot_lobby_prizes,Конфеты
liveops_tot_lobby_prizes2,"Призы: {num}/{max}"
liveops_tot_lobby_prizes2_garden,"Призы: {num}/{max}"
liveops_tot_lobby_prizes_garden,Призы
liveops_tot_lose_text,"Сорванцы исчезли, но непременно вернутся за конфетами!"
liveops_tot_lose_text_garden,"Сорванцы исчезли, но непременно вернутся за искорками магии!"
liveops_tot_noconnection1_text,"Для вступления в команду нужно подключиться к Интернету."
liveops_tot_noconnection2_text,"Чтобы получить награду, нужно подключиться к Интернету."
liveops_tot_push_candies,"Помоги сорванцам! 🍬 {0} шлет тебе конфеты. Забирай их..."
liveops_tot_push_candies_garden,"Помоги сорванцам! 💧 {0} шлет тебе искорки магии. Забери их скорее..."
liveops_tot_push_tricksie,"А вот и новый сорванец! :candy: Скорее помоги своей команде собрать больше конфет!"
liveops_tot_push_tricksie_garden,"А вот и новый сорванец! :candy: Скорее помоги своей команде собрать больше искорок!"
liveops_tot_ranking_title,Места
liveops_tot_receive_candies,"{name} шлет тебе конфеты!"
liveops_tot_receive_candies_garden,"{name} шлет тебе искорки магии!"
liveops_tot_send_candies,"Выбери, кто вернет твои конфеты."
liveops_tot_send_candies_garden,"Выбери, кто вернет твои искорки."
liveops_tot_send_candies_title,"У тебя еще есть шанс!"
liveops_tot_teamup_text,"Играй с друзьями, чтобы собрать больше конфет для сорванцов!

После окончания события откроются сундуки!"
liveops_tot_teamup_text_garden,"Играй с друзьями, чтобы собрать для сорванцов больше искорок магии! После события откроются сундуки!"
liveops_tot_teamup_title,"Палочки вверх!"
liveops_tot_title,"Вечеринка сорванцов"
liveops_tot_title_garden,"Сад сорванцов"
liveops_tot_welcome_text,"Собери конфеты для сорванцов!"
liveops_tot_welcome_text_garden,"Собирай для сорванцов искорки магии!"
liveops_tot_win_text,"Сорванцы благодарят тебя за угощение!"
liveops_tot_win_text_garden,"В благодарность сорванцы приготовили тебе призы!"
liveops_treasureround_egp,"Если выйдешь сейчас, потеряешь все сокровища!"
liveops_treasureround_egp_confirmation,"Точно-точно? Выйдешь — потеряешь сокровища!"
liveops_treasureround_failed,"Неудача в звездном раунде."
liveops_treasureround_lose,"Не волнуйся! Наверняка в другой раз получится!"
liveops_treasureround_soclose,"Почти получилось! Если выйдешь сейчас, потеряешь сокровища!"
liveops_treasureround_tap_to_open,"Коснись, чтобы открыть сундук!"
liveops_treasureround_title,"Звездный раунд"
liveops_treasureround_tutorial,"Пройди этот уровень прямо сейчас! За каждую звезду ты получишь сундук сокровищ!"
liveops_unlimited_flames,"Бесконечные огни"
liveops_winninganoffer_4tickets,Получилось!
liveops_winninganoffer_info,"Привет, симпатяжка! Я могу сделать тебе специальную скидку!"
liveops_winninganoffer_info_button,Ясно!
liveops_winninganoffer_info_text1,"Проходи сложные уровни"
liveops_winninganoffer_info_text2,"Собирай билеты"
liveops_winninganoffer_noconnection,"У тебя есть право на скидку! Чтобы им воспользоваться, подключись к Интернету."
liveops_winninganoffer_offer_discount,ЭКОНОМИЯ
liveops_winninganoffer_offer_text,"{0}, получи награду за упорный труд!"
liveops_winninganoffer_text3,"Получай скидку!"
liveops_winninganoffer_title,"Предл. для вас, {0}"
liveops_womensday_lose,"Праздник закончился, но скоро появятся другие!"
liveops_womensday_narrative_1,"То есть эти уровни помогали создать настоящие игроки?"
liveops_womensday_narrative_2,"Именно так! 5 крутейших сильных женщин... таких как я!"
liveops_womensday_narrative_3,"Было непросто!"
liveops_womensday_narrative_4,"Так мы отпразднуем Женский день!"
liveops_womensday_playmore,"Не сдавайся! Ты можешь проходить уровни, пока разгорается пламя."
liveops_womensday_title,"Празднование Женского дня"
liveops_womensday_title_short,"Женский день"
liveops_womensday_welcome,"Стань как Стелла и пройди 5 уровней, созданных при поддержке наших потрясающих игроков!"
liveops_womensday_win,"Получилось! Мы будем сильными и будем держаться вместе!"
moon_chase_title,"Лунный ловец"
piggy_timer_expires,"Акция заканчивается!"
piggy_timer_expires_soon,"Акция скоро закончится!"
piggy_timer_last_chance,"Последний шанс купить!"
popup_general_button_send_more_lives_in,"Больше жизней через:"
popup_nativesharing_tot_text_garden,"Волшебно! Мне удалось помочь сорванцам в Bubble Witch 3 Saga!"
popup_playmore_pot_of_gold,"Ты всё еще можешь поискать горшочек с золотом и выиграть призы."
popup_playmore_spookydance,"Продолжай играть, чтобы получить еще больше волшебных наград!"
popup_playmore_spookydance2,"Закончились волшебные огни? Продолжай играть на карте!"
popup_playmore_text3,"Играй в жуткой библиотеке и выигрывай замечательные призы!"
popup_playmore_text4,"Помни: пока запасы волшебных огней пополняются, ты можешь продолжить играть в других частях Сказочного леса."
popup_playmore_text6,"Играй в лаборатории Стеллы и выигрывай замечательные призы!"
popup_playmore_text_8,"Ты все еще можешь станцевать жуткий танец и выиграть замечательные призы!"
popup_playmore_text_9,"Ты всё еще можешь принять участие в вечеринке игроков и выиграть замечательные призы!"
